<msdyn_dataworkspace msdyn_dataworkspaceid="c8484ca0-b540-f011-877a-0022481a7bc0">
  <iscustomizable>1</iscustomizable>
  <msdyn_content mimetype="application/octet-stream">Complaint%20Management%20System</msdyn_content>
  <msdyn_contentschemaversion>1.0</msdyn_contentschemaversion>
  <msdyn_description>Data workspace for - Complaint Management System</msdyn_description>
  <msdyn_name>Data workspace (Complaint Management System)</msdyn_name>
  <statecode>0</statecode>
  <statuscode>1</statuscode>
</msdyn_dataworkspace>