<msdyn_planartifact msdyn_planartifactid="620947a6-b540-f011-877a-0022481a7bc0">
  <iscustomizable>1</iscustomizable>
  <msdyn_artifactmetadataschemaversion>1.0</msdyn_artifactmetadataschemaversion>
  <msdyn_artifactstatus>419550000</msdyn_artifactstatus>
  <msdyn_description>A flow to notify residents and staff of complaint acknowledgments, responses, and escalations.</msdyn_description>
  <msdyn_name>Complaint Notification</msdyn_name>
  <msdyn_proposal mimetype="application/octet-stream">Complaint%20Notification</msdyn_proposal>
  <msdyn_proposalschemaversion>1.0</msdyn_proposalschemaversion>
  <msdyn_type>PowerAutomateFlow</msdyn_type>
  <statecode>0</statecode>
  <statuscode>1</statuscode>
</msdyn_planartifact>