<msdyn_planartifact msdyn_planartifactid="660947a6-b540-f011-877a-0022481a7bc0">
  <iscustomizable>1</iscustomizable>
  <msdyn_artifactmetadataschemaversion>1.0</msdyn_artifactmetadataschemaversion>
  <msdyn_artifactstatus>419550000</msdyn_artifactstatus>
  <msdyn_description>An agent to assist senior staff in reviewing escalated complaints and ensuring thorough investigations.</msdyn_description>
  <msdyn_name>Complaint Review Agent</msdyn_name>
  <msdyn_proposal mimetype="application/octet-stream">Complaint%20Review%20Agent</msdyn_proposal>
  <msdyn_proposalschemaversion>1.0</msdyn_proposalschemaversion>
  <msdyn_type>CopilotStudioAgent</msdyn_type>
  <statecode>0</statecode>
  <statuscode>1</statuscode>
</msdyn_planartifact>