<msdyn_plan msdyn_planid="c0484ca0-b540-f011-877a-0022481a7bc0">
  <iscustomizable>1</iscustomizable>
  <msdyn_content mimetype="application/octet-stream">Complaint%20Management%20System</msdyn_content>
  <msdyn_contentschemaversion>1.1</msdyn_contentschemaversion>
  <msdyn_description>This solution will allow residents to log and track complaints, ensuring timely and transparent handling by landlords and senior staff.</msdyn_description>
  <msdyn_languagecode>1033</msdyn_languagecode>
  <msdyn_name>Complaint Management System</msdyn_name>
  <msdyn_prompt>As a housing association I need to create an app that will enable me to log and track all my complaints. they include 2 stages and the Complaint Handling Process is detailed below. I've also attached the complaint handling code that must be followed and a Visio process
Stage 1: Initial Complaint

Submission: Residents can submit complaints through various channels (e.g., online forms, phone, email).
Acknowledgment: The landlord acknowledges receipt of the complaint, usually within a specified timeframe.
Investigation: The complaint is investigated by designated staff who gather relevant information and assess the issue.
Response: A formal response is provided to the complainant, detailing the findings and any proposed actions to resolve the issue.
Stage 2: Escalation

Review Request: If the complainant is not satisfied with the Stage 1 response, they can request a review.
Further Investigation: A more senior staff member or a different team reviews the complaint and the initial investigation.
Final Response: A final decision is communicated to the complainant, including any further actions to be taken.
Key Points
Timelines: Each stage has clear timelines to ensure prompt handling of complaints.
Transparency: The process is transparent, with clear communication at each step.
Resolution: The aim is to resolve complaints effectively, which may include apologies, explanations, or financial remedies if necessary.
This structured approach ensures that complaints are handled fairly and efficiently, providing residents with a clear path to have their concerns addressed.</msdyn_prompt>
  <statecode>0</statecode>
  <statuscode>1</statuscode>
</msdyn_plan>