<msdyn_planartifact msdyn_planartifactid="6a0947a6-b540-f011-877a-0022481a7bc0">
  <iscustomizable>1</iscustomizable>
  <msdyn_artifactmetadataschemaversion>1.0</msdyn_artifactmetadataschemaversion>
  <msdyn_artifactstatus>419550000</msdyn_artifactstatus>
  <msdyn_description>A report to track complaints, their status, and resolution timelines for residents, landlords, and senior staff.</msdyn_description>
  <msdyn_name>Complaint Tracking Report</msdyn_name>
  <msdyn_proposal mimetype="application/octet-stream">Complaint%20Tracking%20Report</msdyn_proposal>
  <msdyn_proposalschemaversion>1.0</msdyn_proposalschemaversion>
  <msdyn_type>PowerBIReport</msdyn_type>
  <statecode>0</statecode>
  <statuscode>1</statuscode>
</msdyn_planartifact>