<msdyn_planartifact msdyn_planartifactid="5c0947a6-b540-f011-877a-0022481a7bc0">
  <iscustomizable>1</iscustomizable>
  <msdyn_artifactmetadata mimetype="application/octet-stream">Complaint%20Management</msdyn_artifactmetadata>
  <msdyn_artifactmetadataschemaversion>1.0</msdyn_artifactmetadataschemaversion>
  <msdyn_artifactstatus>419550001</msdyn_artifactstatus>
  <msdyn_description>An app for residents to submit complaints and for landlords and senior staff to track and manage them.</msdyn_description>
  <msdyn_name>Complaint Management</msdyn_name>
  <msdyn_proposal mimetype="application/octet-stream">Complaint%20Management</msdyn_proposal>
  <msdyn_proposalschemaversion>1.0</msdyn_proposalschemaversion>
  <msdyn_type>PowerAppsModelApp</msdyn_type>
  <statecode>0</statecode>
  <statuscode>1</statuscode>
</msdyn_planartifact>